"","num Df","den Df","MSE","F","pes","Pr(>F)"
"posture",1,50,0.00884082974196959,1.06177168320818,0.020793866883341,0.307770291291088
"congruentTrialType",1,50,0.00860682729126946,99.6601681689653,0.665909770036137,1.70244409698621e-13
"switchTrialType",1,50,0.00286108135776942,92.0413115980479,0.647989733145444,6.36728248991331e-13
"posture:congruentTrialType",1,50,0.00418401842453245,0.0248212525869687,0.000496178736184591,0.875447804212835
"posture:switchTrialType",1,50,0.00240002146206088,0.736548171836822,0.0145171123849862,0.394864376533903
"congruentTrialType:switchTrialType",1,50,0.00151472488002724,58.4345089714345,0.538892180411203,5.92530245822837e-10
"posture:congruentTrialType:switchTrialType",1,50,0.00188028548119564,1.25525101368544,0.0244901934701341,0.267904698662277
