"","num Df","den Df","MSE","F","pes","Pr(>F)"
"posture",1,50,9922.04759533237,4.09121984653933e-05,8.18243299785221e-07,0.994922006718302
"congruentTrialType",1,50,3302.21353300989,48.9776276884723,0.494835336351233,6.0355852406886e-09
"switchTrialType",1,50,4166.22032174625,130.171544880088,0.722486699921027,1.5842023009858e-15
"posture:congruentTrialType",1,50,1592.26900961922,0.173723274580037,0.00346243537935826,0.678607827288496
"posture:switchTrialType",1,50,1519.08240348483,0.00380141856425252,7.60225914112445e-05,0.951082866553145
"congruentTrialType:switchTrialType",1,50,1252.3314404188,14.3174185672969,0.222605615807112,0.000414039506970319
"posture:congruentTrialType:switchTrialType",1,50,1552.36421464141,0.499329744429695,0.00988784894684218,0.483074934851466
