"","num Df","den Df","MSE","F","pes","Pr(>F)"
"posture",1,50,0.00992204759533238,4.09121984654092e-05,8.18243299785538e-07,0.994922006718301
"congruentTrialType",1,50,0.00330221353300989,48.9776276884727,0.494835336351235,6.03558524068812e-09
"switchTrialType",1,50,0.00416622032174625,130.171544880088,0.722486699921028,1.58420230098567e-15
"posture:congruentTrialType",1,50,0.00159226900961922,0.173723274580002,0.00346243537935758,0.678607827288526
"posture:switchTrialType",1,50,0.00151908240348483,0.00380141856425255,7.60225914112451e-05,0.951082866553145
"congruentTrialType:switchTrialType",1,50,0.0012523314404188,14.3174185672972,0.222605615807115,0.000414039506970275
"posture:congruentTrialType:switchTrialType",1,50,0.00155236421464141,0.499329744429759,0.00988784894684342,0.483074934851439
