"","num Df","den Df","MSE","F","pes","Pr(>F)"
"posture",1,50,0.00992204759533238,4.09121984652652e-05,8.18243299782658e-07,0.99492200671831
"congruentTrialType",1,50,0.00330221353300989,48.977627688473,0.494835336351237,6.03558524068758e-09
"switchTrialType",1,50,0.00416622032174626,130.171544880088,0.722486699921028,1.58420230098566e-15
"posture:congruentTrialType",1,50,0.00159226900961922,0.173723274580003,0.00346243537935758,0.678607827288526
"posture:switchTrialType",1,50,0.00151908240348483,0.00380141856425787,7.60225914113515e-05,0.95108286655311
"congruentTrialType:switchTrialType",1,50,0.0012523314404188,14.3174185672969,0.222605615807112,0.000414039506970316
"posture:congruentTrialType:switchTrialType",1,50,0.00155236421464142,0.499329744429677,0.00988784894684183,0.483074934851474
