"","num Df","den Df","MSE","F","pes","Pr(>F)"
"posture",1,50,9922.04759533237,4.09121984652459e-05,8.18243299782272e-07,0.994922006718311
"congruentTrialType",1,50,3302.21353300989,48.9776276884724,0.494835336351233,6.03558524068858e-09
"switchTrialType",1,50,4166.22032174625,130.171544880088,0.722486699921027,1.58420230098576e-15
"posture:congruentTrialType",1,50,1592.26900961922,0.173723274580037,0.00346243537935826,0.678607827288496
"posture:switchTrialType",1,50,1519.08240348483,0.00380141856425343,7.60225914112627e-05,0.951082866553139
"congruentTrialType:switchTrialType",1,50,1252.33144041879,14.3174185672969,0.222605615807112,0.000414039506970322
"posture:congruentTrialType:switchTrialType",1,50,1552.36421464142,0.499329744429684,0.00988784894684196,0.483074934851471
