"","num Df","den Df","MSE","F","pes","Pr(>F)"
"posture",1,50,88.4082974196959,1.06177168320819,0.0207938668833412,0.307770291291086
"congruentTrialType",1,50,86.0682729126946,99.6601681689654,0.665909770036137,1.70244409698619e-13
"switchTrialType",1,50,28.6108135776943,92.0413115980477,0.647989733145443,6.36728248991356e-13
"posture:congruentTrialType",1,50,41.8401842453246,0.0248212525869667,0.000496178736184551,0.87544780421284
"posture:switchTrialType",1,50,24.0002146206088,0.736548171836807,0.0145171123849859,0.394864376533908
"congruentTrialType:switchTrialType",1,50,15.1472488002724,58.4345089714347,0.538892180411204,5.92530245822807e-10
"posture:congruentTrialType:switchTrialType",1,50,18.8028548119564,1.25525101368541,0.0244901934701335,0.267904698662283
